Country,CountryCode,Stage,Advanced,MP,W,D,L,GF,GA,GD,Pts,GF_per_match,GA_per_match,GD_per_match,Pts_per_match,WinRate,DrawRate,LossRate,Top Team Scorer,Goalkeeper
Spain,es,Final4,True,8,7,1,0,14,1,13,22,1.75,0.125,1.625,2.75,0.875,0.125,0.0,Mikel Oyarzabal - 5,Unai Simón
Argentina,ar,Final4,True,8,7,0,1,19,8,11,21,2.375,1.0,1.375,2.625,0.875,0.0,0.125,Lionel Messi - 8,Emiliano Martínez
England,eng,Final4,True,8,6,1,1,20,12,8,19,2.5,1.5,1.0,2.375,0.75,0.125,0.125,Jude Bellingham - 7,Jordan Pickford
France,fr,Final4,True,8,6,0,2,20,10,10,18,2.5,1.25,1.25,2.25,0.75,0.0,0.25,Kylian Mbappé - 10,Mike Maignan
Norway,no,QF,True,6,4,0,2,13,11,2,12,2.1666666666666665,1.8333333333333333,0.3333333333333333,2.0,0.6666666666666666,0.0,0.3333333333333333,Erling Haaland - 7,Ørjan Nyland
Belgium,be,QF,True,6,3,2,1,14,7,7,11,2.3333333333333335,1.1666666666666667,1.1666666666666667,1.8333333333333333,0.5,0.3333333333333333,0.16666666666666666,Romelu Lukaku Charles De Ketelaere - 3,Thibaut Courtois
Morocco,ma,QF,True,6,3,2,1,10,6,4,11,1.6666666666666667,1.0,0.6666666666666666,1.8333333333333333,0.5,0.3333333333333333,0.16666666666666666,Ismael Saibari - 3,Yassine Bounou
Switzerland,ch,QF,True,6,3,2,1,10,6,4,11,1.6666666666666667,1.0,0.6666666666666666,1.8333333333333333,0.5,0.3333333333333333,0.16666666666666666,Johan Manzambi - 3,Gregor Kobel
Mexico,mx,R16,True,5,4,0,1,10,3,7,12,2.0,0.6,1.4,2.4,0.8,0.0,0.2,Julián Quiñones - 4,Raúl Rangel
Colombia,co,R16,True,5,3,2,0,5,1,4,11,1.0,0.2,0.8,2.2,0.6,0.4,0.0,Daniel Muñoz - 2,Camilo Vargas
Brazil,br,R16,True,5,3,1,1,10,4,6,10,2.0,0.8,1.2,2.0,0.6,0.2,0.2,Vinicius Júnior - 4,Alisson
USA,us,R16,True,5,3,0,2,11,8,3,9,2.2,1.6,0.6,1.8,0.6,0.0,0.4,Folarin Balogun - 3,Matt Freese
Portugal,pt,R16,True,5,2,2,1,8,3,5,8,1.6,0.6,1.0,1.6,0.4,0.4,0.2,Cristiano Ronaldo - 3,Diogo Costa
Canada,ca,R16,True,5,2,1,2,9,6,3,7,1.8,1.2,0.6,1.4,0.4,0.2,0.4,Jonathan David - 3,Maxime Crépeau
Egypt,eg,R16,True,5,1,3,1,8,7,1,6,1.6,1.4,0.2,1.2,0.2,0.6,0.2,Emam Ashour Mostafa Ziko - 2,Mostafa Shobeir
Paraguay,py,R16,True,5,1,2,2,3,6,-3,5,0.6,1.2,-0.6,1.0,0.2,0.4,0.4,Matías Galarza Julio Enciso... - 1,Orlando Gill
Netherlands,nl,R32,True,4,2,2,0,11,5,6,8,2.75,1.25,1.5,2.0,0.5,0.5,0.0,Cody Gakpo Brian Brobbey - 3,Bart Verbruggen
Germany,de,R32,True,4,2,1,1,11,5,6,7,2.75,1.25,1.5,1.75,0.5,0.25,0.25,Deniz Undav Kai Havertz - 3,Manuel Neuer
Côte d'Ivoire,ci,R32,True,4,2,0,2,5,4,1,6,1.25,1.0,0.25,1.5,0.5,0.0,0.5,Nicolas Pépé Amad Diallo - 2,Yahia Fofana
Croatia,hr,R32,True,4,2,0,2,6,7,-1,6,1.5,1.75,-0.25,1.5,0.5,0.0,0.5,Ivan Perišić Nikola Vlašić... - 1,Dominik Livaković
Japan,jp,R32,True,4,1,2,1,8,5,3,5,2.0,1.25,0.75,1.25,0.25,0.5,0.25,Daichi Kamada Ayase Ueda - 2,Zion Suzuki
Australia,au,R32,True,4,1,2,1,3,3,0,5,0.75,0.75,0.0,1.25,0.25,0.5,0.25,Connor Metcalfe Nestory Irankunda - 1,Patrick Beach
Congo DR,cd,R32,True,4,1,1,2,5,5,0,4,1.25,1.25,0.0,1.0,0.25,0.25,0.5,Yoane Wissa - 3,Lionel Mpasi
Ghana,gh,R32,True,4,1,1,2,2,3,-1,4,0.5,0.75,-0.25,1.0,0.25,0.25,0.5,Derrick Luckassen Caleb Yirenkyi - 1,Benjamin Asare
Ecuador,ec,R32,True,4,1,1,2,2,4,-2,4,0.5,1.0,-0.5,1.0,0.25,0.25,0.5,Gonzalo Plata Nilson Angulo - 1,Hernán Galíndez
South Africa,za,R32,True,4,1,1,2,2,4,-2,4,0.5,1.0,-0.5,1.0,0.25,0.25,0.5,Teboho Mokoena Thapelo Maseko - 1,Ronwen Williams
Sweden,se,R32,True,4,1,1,2,7,10,-3,4,1.75,2.5,-0.75,1.0,0.25,0.25,0.5,Anthony Elanga Yasin Ayari - 2,Kristoffer Nordfeldt Jacob Widell Zetterström
Austria,at,R32,True,4,1,1,2,6,9,-3,4,1.5,2.25,-0.75,1.0,0.25,0.25,0.5,Marko Arnautović - 2,Alexander Schlager
Bosnia–Herz,ba,R32,True,4,1,1,2,5,8,-3,4,1.25,2.0,-0.75,1.0,0.25,0.25,0.5,Ermin Mahmić - 2,Nikola Vasilj
Algeria,dz,R32,True,4,1,1,2,5,9,-4,4,1.25,2.25,-1.0,1.0,0.25,0.25,0.5,Riyad Mahrez - 2,Luca Zidane
Senegal,sn,R32,True,4,1,0,3,10,9,1,3,2.5,2.25,0.25,0.75,0.25,0.0,0.75,Ismaila Sarr - 4,Mory Diaw
Cabo Verde,cv,R32,True,4,0,3,1,4,5,-1,3,1.0,1.25,-0.25,0.75,0.0,0.75,0.25,Deroy Duarte Kevin Pina... - 1,Vozinha
IR Iran,ir,GR,False,3,0,3,0,3,3,0,3,1.0,1.0,0.0,1.0,0.0,1.0,0.0,Ramin Rezaeian - 2,Alireza Beiranvand
Korea Republic,kr,GR,False,3,1,0,2,2,3,-1,3,0.6666666666666666,1.0,-0.3333333333333333,1.0,0.3333333333333333,0.0,0.6666666666666666,Hwang In-beom Oh Hyeon-gyu - 1,Kim Seung-gyu
Türkiye,tr,GR,False,3,1,0,2,3,5,-2,3,1.0,1.6666666666666667,-0.6666666666666666,1.0,0.3333333333333333,0.0,0.6666666666666666,Kaan Ayhan Barış Alper Yılmaz... - 1,Uğurcan Çakır
Scotland,sct,GR,False,3,1,0,2,1,4,-3,3,0.3333333333333333,1.3333333333333333,-1.0,1.0,0.3333333333333333,0.0,0.6666666666666666,John McGinn - 1,Angus Gunn
Uruguay,uy,GR,False,3,0,2,1,3,4,-1,2,1.0,1.3333333333333333,-0.3333333333333333,0.6666666666666666,0.0,0.6666666666666666,0.3333333333333333,Maxi Araújo - 2,Fernando Muslera
Saudi Arabia,sa,GR,False,3,0,2,1,1,5,-4,2,0.3333333333333333,1.6666666666666667,-1.3333333333333333,0.6666666666666666,0.0,0.6666666666666666,0.3333333333333333,Abdulelah Al-Amri - 1,Mohammed Al-Owais
Czechia,cz,GR,False,3,0,1,2,2,6,-4,1,0.6666666666666666,2.0,-1.3333333333333333,0.3333333333333333,0.0,0.3333333333333333,0.6666666666666666,Ladislav Krejčí Michal Sadílek - 1,Matej Kovar
New Zealand,nz,GR,False,3,0,1,2,4,10,-6,1,1.3333333333333333,3.3333333333333335,-2.0,0.3333333333333333,0.0,0.3333333333333333,0.6666666666666666,Elijah Just - 3,Max Crocombe
Qatar,qa,GR,False,3,0,1,2,2,10,-8,1,0.6666666666666666,3.3333333333333335,-2.6666666666666665,0.3333333333333333,0.0,0.3333333333333333,0.6666666666666666,Hassan Al-Haydos Boualem Khoukhi - 1,Mahmoud Abunada
Curaçao,cw,GR,False,3,0,1,2,1,9,-8,1,0.3333333333333333,3.0,-2.6666666666666665,0.3333333333333333,0.0,0.3333333333333333,0.6666666666666666,Livano Comenencia - 1,Eloy Room
Panama,pa,GR,False,3,0,0,3,0,4,-4,0,0.0,1.3333333333333333,-1.3333333333333333,0.0,0.0,0.0,1.0,,Orlando Mosquera
Jordan,jo,GR,False,3,0,0,3,3,8,-5,0,1.0,2.6666666666666665,-1.6666666666666667,0.0,0.0,0.0,1.0,Musa Al-Taamari Ali Olwan... - 1,Yazeed Abulaila
Haiti,ht,GR,False,3,0,0,3,2,8,-6,0,0.6666666666666666,2.6666666666666665,-2.0,0.0,0.0,0.0,1.0,Wilson Isidor - 1,Johny Placide
Uzbekistan,uz,GR,False,3,0,0,3,2,11,-9,0,0.6666666666666666,3.6666666666666665,-3.0,0.0,0.0,0.0,1.0,Eldor Shomurodov Abbosbek Fayzullayev - 1,Abduvohid Nematov
Tunisia,tn,GR,False,3,0,0,3,2,12,-10,0,0.6666666666666666,4.0,-3.3333333333333335,0.0,0.0,0.0,1.0,Omar Rekik Hazem Mastouri - 1,Aymen Dahmen
Iraq,iq,GR,False,3,0,0,3,1,12,-11,0,0.3333333333333333,4.0,-3.6666666666666665,0.0,0.0,0.0,1.0,Ayman Hussein - 1,Jalal Hassan Ahmed Basil
